frequency,V0_amp,V1_amp,V2_amp,V3_amp,V4_amp,V5_amp,V6_amp,V7_amp,V8_amp,V9_amp,V10_amp,V11_amp,V12_amp,V13_amp,V14_amp,V15_amp,V16_amp,V17_amp,V18_amp,V19_amp,V20_amp,V21_amp,V22_amp,V23_amp,V24_amp,V25_amp,V26_amp,V27_amp,V28_amp,V29_amp,V30_amp,V31_amp,V32_amp,V33_amp,V34_amp,V35_amp,V36_amp,V37_amp,V38_amp,V39_amp,V40_amp
2.000000e+01,1.242987e+00,1.242994e+00,1.243002e+00,1.242993e+00,1.242986e+00,1.242992e+00,1.243009e+00,1.243032e+00,1.243031e+00,1.243021e+00,1.243011e+00,1.243029e+00,1.243066e+00,1.243101e+00,1.243087e+00,1.243087e+00,1.243119e+00,1.243214e+00,1.243188e+00,1.243260e+00,1.243171e+00,1.243075e+00,1.242997e+00,1.243037e+00,1.243056e+00,1.243018e+00,1.243000e+00,1.242991e+00,1.243039e+00,1.243241e+00,1.244407e+00,1.251661e+00,1.280408e+00,1.374859e+00,1.699531e+00,2.556696e+00,2.168018e+00,1.802150e+00,1.443815e+00,1.314006e+00,1.271205e+00
1.464946e+03,1.259240e+00,1.258876e+00,1.258431e+00,1.256640e+00,1.255374e+00,1.254857e+00,1.255867e+00,1.257109e+00,1.255718e+00,1.252635e+00,1.250847e+00,1.251072e+00,1.252807e+00,1.254092e+00,1.250702e+00,1.247901e+00,1.247339e+00,1.248531e+00,1.246513e+00,1.247458e+00,1.246340e+00,1.244535e+00,1.242976e+00,1.242605e+00,1.243125e+00,1.242830e+00,1.242564e+00,1.241466e+00,1.241449e+00,1.241003e+00,1.240665e+00,1.240724e+00,1.241055e+00,1.241569e+00,1.242025e+00,1.242181e+00,1.242373e+00,1.242437e+00,1.242669e+00,1.242761e+00,1.242779e+00
2.909892e+03,1.296916e+00,1.297559e+00,1.296221e+00,1.291203e+00,1.289006e+00,1.286452e+00,1.286637e+00,1.288578e+00,1.288202e+00,1.280455e+00,1.273962e+00,1.272159e+00,1.271176e+00,1.269446e+00,1.263431e+00,1.257778e+00,1.255487e+00,1.255887e+00,1.254471e+00,1.258601e+00,1.254017e+00,1.247731e+00,1.242887e+00,1.242003e+00,1.242525e+00,1.239665e+00,1.238083e+00,1.235852e+00,1.236274e+00,1.234559e+00,1.233620e+00,1.233712e+00,1.235603e+00,1.237011e+00,1.238843e+00,1.239723e+00,1.240331e+00,1.240795e+00,1.241560e+00,1.242100e+00,1.242072e+00
4.354838e+03,1.307618e+00,1.311047e+00,1.316251e+00,1.315448e+00,1.313527e+00,1.316125e+00,1.322101e+00,1.326682e+00,1.320488e+00,1.316041e+00,1.308457e+00,1.303644e+00,1.303340e+00,1.299513e+00,1.290718e+00,1.281615e+00,1.277055e+00,1.277106e+00,1.270641e+00,1.266091e+00,1.263633e+00,1.257617e+00,1.252392e+00,1.248495e+00,1.244547e+00,1.238161e+00,1.234855e+00,1.229248e+00,1.229311e+00,1.226035e+00,1.223732e+00,1.224432e+00,1.227302e+00,1.231060e+00,1.234970e+00,1.236621e+00,1.238199e+00,1.238801e+00,1.240421e+00,1.241482e+00,1.241622e+00
5.799784e+03,1.254016e+00,1.263963e+00,1.273652e+00,1.276542e+00,1.280695e+00,1.290888e+00,1.308295e+00,1.317527e+00,1.320628e+00,1.323041e+00,1.321000e+00,1.321591e+00,1.322017e+00,1.322964e+00,1.315593e+00,1.312450e+00,1.309090e+00,1.308401e+00,1.301332e+00,1.300602e+00,1.295818e+00,1.289802e+00,1.280073e+00,1.271622e+00,1.265973e+00,1.253671e+00,1.241771e+00,1.231957e+00,1.226872e+00,1.217850e+00,1.214156e+00,1.213854e+00,1.218053e+00,1.222895e+00,1.230759e+00,1.233887e+00,1.235782e+00,1.237745e+00,1.240735e+00,1.242479e+00,1.242812e+00
7.244730e+03,1.228998e+00,1.229801e+00,1.230287e+00,1.223212e+00,1.225142e+00,1.232445e+00,1.246163e+00,1.253460e+00,1.264614e+00,1.276064e+00,1.280828e+00,1.285606e+00,1.289485e+00,1.301583e+00,1.309955e+00,1.316354e+00,1.323110e+00,1.326503e+00,1.332129e+00,1.336144e+00,1.337682e+00,1.329040e+00,1.320715e+00,1.309690e+00,1.298031e+00,1.280427e+00,1.261549e+00,1.241806e+00,1.229898e+00,1.214160e+00,1.205684e+00,1.203507e+00,1.207554e+00,1.215316e+00,1.225411e+00,1.230387e+00,1.233717e+00,1.235709e+00,1.240391e+00,1.242880e+00,1.243916e+00
8.689676e+03,1.315796e+00,1.304058e+00,1.297253e+00,1.281761e+00,1.259627e+00,1.243720e+00,1.235134e+00,1.240468e+00,1.231192e+00,1.222888e+00,1.218500e+00,1.218747e+00,1.228639e+00,1.235624e+00,1.246185e+00,1.266531e+00,1.292908e+00,1.307048e+00,1.334939e+00,1.352086e+00,1.360678e+00,1.365855e+00,1.357875e+00,1.350533e+00,1.335738e+00,1.315048e+00,1.293889e+00,1.265355e+00,1.245602e+00,1.219220e+00,1.199498e+00,1.191420e+00,1.194362e+00,1.202022e+00,1.216412e+00,1.223351e+00,1.227193e+00,1.230088e+00,1.236416e+00,1.241192e+00,1.241875e+00
1.013462e+04,1.347104e+00,1.364979e+00,1.379193e+00,1.382119e+00,1.368322e+00,1.355372e+00,1.343416e+00,1.325845e+00,1.301453e+00,1.272514e+00,1.240169e+00,1.204483e+00,1.181446e+00,1.169710e+00,1.162254e+00,1.182923e+00,1.215097e+00,1.240819e+00,1.290219e+00,1.327930e+00,1.358536e+00,1.378090e+00,1.388492e+00,1.386564e+00,1.378256e+00,1.355378e+00,1.330209e+00,1.293861e+00,1.270044e+00,1.232683e+00,1.197483e+00,1.181058e+00,1.181014e+00,1.188841e+00,1.206114e+00,1.214176e+00,1.218773e+00,1.222445e+00,1.231166e+00,1.236217e+00,1.238253e+00
1.157957e+04,1.185157e+00,1.243965e+00,1.303454e+00,1.342480e+00,1.374652e+00,1.411492e+00,1.451877e+00,1.464536e+00,1.457337e+00,1.421923e+00,1.381733e+00,1.312016e+00,1.244114e+00,1.189327e+00,1.132436e+00,1.110551e+00,1.125588e+00,1.150630e+00,1.203444e+00,1.266410e+00,1.310192e+00,1.354578e+00,1.388217e+00,1.398753e+00,1.405705e+00,1.391902e+00,1.369330e+00,1.333056e+00,1.298377e+00,1.245343e+00,1.199764e+00,1.174672e+00,1.167065e+00,1.173398e+00,1.193941e+00,1.204238e+00,1.209194e+00,1.213924e+00,1.224385e+00,1.232431e+00,1.234253e+00
1.302451e+04,1.051441e+00,1.046500e+00,1.081426e+00,1.126114e+00,1.191380e+00,1.288410e+00,1.408123e+00,1.482054e+00,1.534631e+00,1.549995e+00,1.534996e+00,1.475120e+00,1.397598e+00,1.316394e+00,1.212170e+00,1.122233e+00,1.080223e+00,1.069628e+00,1.111303e+00,1.163326e+00,1.224879e+00,1.298334e+00,1.349914e+00,1.384330e+00,1.407291e+00,1.415924e+00,1.398898e+00,1.368296e+00,1.333650e+00,1.279176e+00,1.212177e+00,1.171105e+00,1.155315e+00,1.162577e+00,1.181666e+00,1.192753e+00,1.199114e+00,1.202872e+00,1.215185e+00,1.224424e+00,1.226293e+00
1.446946e+04,1.261490e+00,1.149394e+00,1.051923e+00,1.004183e+00,9.831258e-01,1.049279e+00,1.196208e+00,1.321720e+00,1.450563e+00,1.535384e+00,1.573193e+00,1.570946e+00,1.525145e+00,1.463687e+00,1.344898e+00,1.229505e+00,1.132666e+00,1.074602e+00,1.049674e+00,1.082675e+00,1.129760e+00,1.207612e+00,1.271419e+00,1.329972e+00,1.367830e+00,1.402172e+00,1.406778e+00,1.389406e+00,1.348113e+00,1.297262e+00,1.221484e+00,1.167811e+00,1.139690e+00,1.141381e+00,1.165294e+00,1.175842e+00,1.183395e+00,1.187040e+00,1.202775e+00,1.213614e+00,1.216879e+00
1.591441e+04,1.527074e+00,1.440972e+00,1.324202e+00,1.202027e+00,1.055777e+00,9.646420e-01,9.907420e-01,1.091058e+00,1.241393e+00,1.376335e+00,1.464938e+00,1.524246e+00,1.555350e+00,1.539211e+00,1.453119e+00,1.350499e+00,1.245042e+00,1.150915e+00,1.062443e+00,1.047420e+00,1.066470e+00,1.120855e+00,1.193652e+00,1.260539e+00,1.319245e+00,1.367016e+00,1.393369e+00,1.411130e+00,1.386544e+00,1.327138e+00,1.235685e+00,1.168710e+00,1.131396e+00,1.128607e+00,1.149401e+00,1.161030e+00,1.168039e+00,1.170835e+00,1.189303e+00,1.203266e+00,1.205559e+00
1.735935e+04,1.545606e+00,1.560171e+00,1.516028e+00,1.435518e+00,1.290255e+00,1.126717e+00,1.025845e+00,1.031544e+00,1.093582e+00,1.192486e+00,1.293885e+00,1.388674e+00,1.477137e+00,1.508187e+00,1.495087e+00,1.430303e+00,1.356448e+00,1.256492e+00,1.148633e+00,1.090449e+00,1.056468e+00,1.072217e+00,1.122534e+00,1.187326e+00,1.256450e+00,1.332545e+00,1.377978e+00,1.430762e+00,1.421100e+00,1.358274e+00,1.267644e+00,1.191452e+00,1.138652e+00,1.129780e+00,1.151320e+00,1.161981e+00,1.166333e+00,1.169103e+00,1.190553e+00,1.206730e+00,1.210343e+00
1.880430e+04,1.369455e+00,1.453890e+00,1.492666e+00,1.476734e+00,1.394694e+00,1.281684e+00,1.187668e+00,1.155632e+00,1.134606e+00,1.151560e+00,1.207616e+00,1.267052e+00,1.350967e+00,1.385709e+00,1.450335e+00,1.452507e+00,1.425822e+00,1.358709e+00,1.264762e+00,1.191727e+00,1.127959e+00,1.082374e+00,1.091620e+00,1.145899e+00,1.198228e+00,1.283791e+00,1.362197e+00,1.454912e+00,1.457204e+00,1.397548e+00,1.317045e+00,1.229760e+00,1.158817e+00,1.146310e+00,1.165278e+00,1.176681e+00,1.182301e+00,1.179938e+00,1.206221e+00,1.223697e+00,1.229665e+00
2.024924e+04,1.300353e+00,1.354070e+00,1.379187e+00,1.375007e+00,1.316211e+00,1.248367e+00,1.217403e+00,1.246783e+00,1.267956e+00,1.278307e+00,1.274025e+00,1.253323e+00,1.260858e+00,1.315992e+00,1.351782e+00,1.387472e+00,1.408117e+00,1.379222e+00,1.350005e+00,1.294614e+00,1.217942e+00,1.152605e+00,1.123821e+00,1.133300e+00,1.162635e+00,1.246202e+00,1.330167e+00,1.448933e+00,1.491375e+00,1.443811e+00,1.360653e+00,1.259114e+00,1.185090e+00,1.163828e+00,1.182525e+00,1.190530e+00,1.194461e+00,1.190975e+00,1.218419e+00,1.238363e+00,1.241070e+00
2.169419e+04,1.380984e+00,1.446251e+00,1.443138e+00,1.396929e+00,1.281140e+00,1.154339e+00,1.142788e+00,1.199974e+00,1.277898e+00,1.357852e+00,1.383434e+00,1.366573e+00,1.335237e+00,1.306410e+00,1.265216e+00,1.270671e+00,1.320244e+00,1.327836e+00,1.341120e+00,1.347585e+00,1.304022e+00,1.220959e+00,1.161483e+00,1.137536e+00,1.134160e+00,1.184713e+00,1.266324e+00,1.416123e+00,1.464599e+00,1.444950e+00,1.376461e+00,1.269772e+00,1.184683e+00,1.160704e+00,1.176528e+00,1.182996e+00,1.183781e+00,1.176295e+00,1.206379e+00,1.229495e+00,1.235653e+00
2.313914e+04,1.339827e+00,1.500980e+00,1.587594e+00,1.563911e+00,1.412566e+00,1.198441e+00,1.052015e+00,1.070203e+00,1.171109e+00,1.300482e+00,1.395908e+00,1.427310e+00,1.426929e+00,1.359835e+00,1.253772e+00,1.203877e+00,1.209392e+00,1.214902e+00,1.281525e+00,1.317723e+00,1.306474e+00,1.261984e+00,1.204271e+00,1.152975e+00,1.123325e+00,1.126516e+00,1.192594e+00,1.362193e+00,1.433324e+00,1.418023e+00,1.365262e+00,1.262781e+00,1.168570e+00,1.140439e+00,1.159071e+00,1.163540e+00,1.161033e+00,1.147080e+00,1.179771e+00,1.207479e+00,1.213604e+00
2.458408e+04,1.121105e+00,1.377411e+00,1.568323e+00,1.645884e+00,1.548470e+00,1.377940e+00,1.144263e+00,1.043608e+00,1.050578e+00,1.180385e+00,1.312250e+00,1.407700e+00,1.469488e+00,1.456248e+00,1.360073e+00,1.244366e+00,1.177320e+00,1.137393e+00,1.195145e+00,1.268439e+00,1.294625e+00,1.295263e+00,1.260488e+00,1.198003e+00,1.147676e+00,1.107113e+00,1.141531e+00,1.315124e+00,1.399199e+00,1.399271e+00,1.358509e+00,1.262311e+00,1.165012e+00,1.135327e+00,1.153901e+00,1.155457e+00,1.151616e+00,1.132760e+00,1.167172e+00,1.195499e+00,1.204055e+00
2.602903e+04,9.821443e-01,1.163379e+00,1.399454e+00,1.547386e+00,1.552549e+00,1.474663e+00,1.301798e+00,1.154891e+00,1.037871e+00,1.081752e+00,1.202205e+00,1.326839e+00,1.467186e+00,1.466915e+00,1.467486e+00,1.353776e+00,1.239393e+00,1.133644e+00,1.137405e+00,1.210242e+00,1.270583e+00,1.322007e+00,1.316907e+00,1.272800e+00,1.204113e+00,1.134218e+00,1.126648e+00,1.299505e+00,1.398313e+00,1.389929e+00,1.384769e+00,1.284596e+00,1.181547e+00,1.143058e+00,1.172631e+00,1.174323e+00,1.167790e+00,1.130191e+00,1.175687e+00,1.207422e+00,1.217060e+00
2.747397e+04,1.076780e+00,1.131979e+00,1.277293e+00,1.389501e+00,1.427958e+00,1.403328e+00,1.328361e+00,1.276697e+00,1.210959e+00,1.164689e+00,1.155504e+00,1.184563e+00,1.296423e+00,1.456171e+00,1.514110e+00,1.453451e+00,1.347834e+00,1.217012e+00,1.114377e+00,1.155297e+00,1.224433e+00,1.325150e+00,1.379911e+00,1.357682e+00,1.284839e+00,1.183432e+00,1.132636e+00,1.294282e+00,1.400143e+00,1.423991e+00,1.427705e+00,1.321309e+00,1.210150e+00,1.173597e+00,1.204581e+00,1.205364e+00,1.191534e+00,1.156900e+00,1.192753e+00,1.229336e+00,1.240902e+00
2.891892e+04,1.150909e+00,1.236359e+00,1.358977e+00,1.417339e+00,1.351935e+00,1.268151e+00,1.260889e+00,1.269249e+00,1.279304e+00,1.284273e+00,1.264058e+00,1.184458e+00,1.214937e+00,1.334404e+00,1.450113e+00,1.510861e+00,1.471905e+00,1.312960e+00,1.129000e+00,1.100492e+00,1.165528e+00,1.303947e+00,1.401129e+00,1.410112e+00,1.343614e+00,1.222727e+00,1.122370e+00,1.270013e+00,1.391373e+00,1.433126e+00,1.442904e+00,1.332032e+00,1.218940e+00,1.185130e+00,1.209119e+00,1.215255e+00,1.205086e+00,1.151634e+00,1.198945e+00,1.239431e+00,1.249332e+00
3.036387e+04,1.006795e+00,1.224616e+00,1.474930e+00,1.574757e+00,1.472032e+00,1.262567e+00,1.095448e+00,1.106035e+00,1.237988e+00,1.370933e+00,1.390018e+00,1.254619e+00,1.143266e+00,1.166102e+00,1.301587e+00,1.470656e+00,1.527071e+00,1.397271e+00,1.167135e+00,1.056556e+00,1.079393e+00,1.222497e+00,1.368034e+00,1.421564e+00,1.374291e+00,1.237062e+00,1.099265e+00,1.209911e+00,1.331059e+00,1.394377e+00,1.425372e+00,1.297373e+00,1.186342e+00,1.151953e+00,1.199856e+00,1.205792e+00,1.188350e+00,1.130284e+00,1.170207e+00,1.210975e+00,1.218069e+00
3.180881e+04,8.298877e-01,9.827806e-01,1.407087e+00,1.663351e+00,1.655913e+00,1.444728e+00,1.093261e+00,9.383253e-01,1.042781e+00,1.324168e+00,1.462888e+00,1.389281e+00,1.198027e+00,1.070572e+00,1.114274e+00,1.332350e+00,1.500290e+00,1.432285e+00,1.219000e+00,1.059368e+00,9.908990e-01,1.111696e+00,1.291826e+00,1.391983e+00,1.379852e+00,1.240487e+00,1.074199e+00,1.134167e+00,1.272829e+00,1.344038e+00,1.396422e+00,1.270532e+00,1.140931e+00,1.098389e+00,1.171211e+00,1.176185e+00,1.154840e+00,1.079950e+00,1.123984e+00,1.161906e+00,1.173663e+00
3.325376e+04,1.015261e+00,7.542940e-01,1.127298e+00,1.525396e+00,1.714652e+00,1.653564e+00,1.317929e+00,9.767325e-01,8.521417e-01,1.154932e+00,1.420895e+00,1.484994e+00,1.349446e+00,1.133028e+00,9.860487e-01,1.151289e+00,1.424688e+00,1.439521e+00,1.310973e+00,1.108877e+00,9.615940e-01,1.004328e+00,1.209442e+00,1.359378e+00,1.391160e+00,1.261927e+00,1.066127e+00,1.088667e+00,1.213659e+00,1.307339e+00,1.368287e+00,1.249045e+00,1.104721e+00,1.069004e+00,1.150157e+00,1.162180e+00,1.137621e+00,1.052490e+00,1.092036e+00,1.139094e+00,1.153930e+00
3.469870e+04,1.389175e+00,9.281079e-01,8.534547e-01,1.198587e+00,1.540913e+00,1.729780e+00,1.596839e+00,1.256457e+00,8.577793e-01,9.522822e-01,1.299837e+00,1.553175e+00,1.554318e+00,1.340745e+00,1.037656e+00,1.024985e+00,1.315865e+00,1.428385e+00,1.433761e+00,1.255612e+00,1.028818e+00,9.314257e-01,1.149326e+00,1.360991e+00,1.433061e+00,1.352446e+00,1.119695e+00,1.070396e+00,1.197351e+00,1.309025e+00,1.428337e+00,1.281510e+00,1.104165e+00,1.073386e+00,1.170674e+00,1.189782e+00,1.160537e+00,1.059116e+00,1.098929e+00,1.143577e+00,1.168661e+00
3.614365e+04,1.527727e+00,1.287407e+00,1.011246e+00,1.003875e+00,1.212446e+00,1.542973e+00,1.722769e+00,1.538996e+00,1.130370e+00,8.923554e-01,1.097219e+00,1.485734e+00,1.703464e+00,1.601800e+00,1.257058e+00,1.010284e+00,1.192960e+00,1.382532e+00,1.551206e+00,1.446678e+00,1.188194e+00,9.348244e-01,1.106745e+00,1.381810e+00,1.530569e+00,1.493294e+00,1.218018e+00,1.081524e+00,1.202709e+00,1.348801e+00,1.524615e+00,1.371083e+00,1.150627e+00,1.102588e+00,1.225378e+00,1.254469e+00,1.224800e+00,1.110047e+00,1.132486e+00,1.201370e+00,1.211601e+00
3.758860e+04,1.291748e+00,1.352780e+00,1.366102e+00,1.296811e+00,1.127617e+00,1.212816e+00,1.531211e+00,1.586535e+00,1.395458e+00,1.104113e+00,1.002148e+00,1.252941e+00,1.645887e+00,1.741943e+00,1.533136e+00,1.166123e+00,1.082792e+00,1.242289e+00,1.593458e+00,1.619549e+00,1.397081e+00,9.971940e-01,1.038973e+00,1.329608e+00,1.555295e+00,1.607177e+00,1.352343e+00,1.120881e+00,1.198278e+00,1.361240e+00,1.612519e+00,1.456765e+00,1.187424e+00,1.117020e+00,1.260948e+00,1.300261e+00,1.273151e+00,1.147107e+00,1.179802e+00,1.226874e+00,1.261592e+00
3.903354e+04,1.064602e+00,1.046571e+00,1.349107e+00,1.554290e+00,1.435808e+00,1.200986e+00,1.177463e+00,1.302467e+00,1.385457e+00,1.345926e+00,1.174138e+00,1.035998e+00,1.354338e+00,1.594559e+00,1.639577e+00,1.383323e+00,1.073486e+00,1.035433e+00,1.449563e+00,1.624747e+00,1.512833e+00,1.088877e+00,9.520869e-01,1.198902e+00,1.464147e+00,1.607413e+00,1.412489e+00,1.120305e+00,1.128421e+00,1.283311e+00,1.621750e+00,1.479311e+00,1.173558e+00,1.071429e+00,1.243319e+00,1.304085e+00,1.272510e+00,1.119756e+00,1.144834e+00,1.219328e+00,1.230652e+00
4.047849e+04,1.372873e+00,9.289709e-01,1.009288e+00,1.380966e+00,1.553840e+00,1.504180e+00,1.203698e+00,1.028773e+00,1.108351e+00,1.370490e+00,1.394896e+00,1.120641e+00,1.069752e+00,1.300070e+00,1.545016e+00,1.521393e+00,1.246817e+00,9.617217e-01,1.212874e+00,1.524518e+00,1.546140e+00,1.190810e+00,9.320369e-01,1.042816e+00,1.327455e+00,1.549682e+00,1.421152e+00,1.144633e+00,1.048364e+00,1.168146e+00,1.599344e+00,1.484999e+00,1.153785e+00,1.014076e+00,1.205093e+00,1.278295e+00,1.252818e+00,1.093325e+00,1.114121e+00,1.164848e+00,1.202020e+00
4.192343e+04,1.593315e+00,1.292990e+00,9.503267e-01,1.047591e+00,1.353170e+00,1.625568e+00,1.581143e+00,1.218193e+00,9.015194e-01,1.211235e+00,1.484579e+00,1.422392e+00,1.163119e+00,1.078121e+00,1.341974e+00,1.560698e+00,1.492214e+00,1.103062e+00,1.050047e+00,1.393750e+00,1.536656e+00,1.329895e+00,1.029255e+00,9.845803e-01,1.200657e+00,1.505666e+00,1.469976e+00,1.230888e+00,1.057128e+00,1.103846e+00,1.629632e+00,1.553651e+00,1.191545e+00,1.001412e+00,1.207338e+00,1.296819e+00,1.276886e+00,1.102898e+00,1.118300e+00,1.186394e+00,1.200278e+00
4.336838e+04,1.369224e+00,1.449807e+00,1.338422e+00,1.181566e+00,1.045304e+00,1.416522e+00,1.791671e+00,1.605677e+00,1.076803e+00,9.802483e-01,1.357572e+00,1.612033e+00,1.481197e+00,1.169216e+00,1.124565e+00,1.498146e+00,1.670146e+00,1.344556e+00,1.035805e+00,1.249444e+00,1.466684e+00,1.430443e+00,1.205053e+00,1.045879e+00,1.121419e+00,1.431547e+00,1.521967e+00,1.408153e+00,1.172974e+00,1.072845e+00,1.694889e+00,1.666375e+00,1.274977e+00,1.015359e+00,1.230621e+00,1.351240e+00,1.333959e+00,1.134864e+00,1.150317e+00,1.216838e+00,1.256297e+00
4.481333e+04,1.078422e+00,1.161921e+00,1.463814e+00,1.546490e+00,1.225131e+00,1.101210e+00,1.548767e+00,1.643291e+00,1.333758e+00,1.013093e+00,1.105654e+00,1.464746e+00,1.650316e+00,1.447961e+00,1.114167e+00,1.268049e+00,1.601019e+00,1.467145e+00,1.152612e+00,1.138212e+00,1.280631e+00,1.391936e+00,1.327626e+00,1.168549e+00,1.090596e+00,1.280192e+00,1.463410e+00,1.548282e+00,1.279243e+00,1.002665e+00,1.676839e+00,1.709470e+00,1.325428e+00,1.006656e+00,1.227121e+00,1.372762e+00,1.366812e+00,1.151942e+00,1.151404e+00,1.229726e+00,1.259938e+00
4.625827e+04,1.345545e+00,9.872389e-01,1.165656e+00,1.504661e+00,1.423531e+00,1.220106e+00,1.241954e+00,1.335497e+00,1.306994e+00,1.202332e+00,1.100883e+00,1.184883e+00,1.521885e+00,1.533222e+00,1.278876e+00,1.131212e+00,1.360281e+00,1.357453e+00,1.310057e+00,1.201325e+00,1.137638e+00,1.218460e+00,1.343146e+00,1.327328e+00,1.169117e+00,1.125853e+00,1.320441e+00,1.637864e+00,1.389940e+00,9.399850e-01,1.600346e+00,1.724964e+00,1.362112e+00,9.875413e-01,1.184531e+00,1.340479e+00,1.345081e+00,1.134461e+00,1.127474e+00,1.202260e+00,1.225601e+00
4.770322e+04,1.409498e+00,1.231193e+00,1.166500e+00,1.286815e+00,1.294749e+00,1.394064e+00,1.461411e+00,1.308688e+00,1.103258e+00,1.246455e+00,1.368739e+00,1.235022e+00,1.281698e+00,1.401549e+00,1.435881e+00,1.348929e+00,1.259831e+00,1.160840e+00,1.421793e+00,1.478067e+00,1.251427e+00,1.060741e+00,1.322700e+00,1.506840e+00,1.397763e+00,1.118818e+00,1.176633e+00,1.764019e+00,1.597096e+00,9.871068e-01,1.582460e+00,1.811406e+00,1.458205e+00,1.019092e+00,1.183486e+00,1.394404e+00,1.413196e+00,1.167734e+00,1.146565e+00,1.225057e+00,1.267307e+00
4.914816e+04,1.130564e+00,1.051247e+00,1.466283e+00,1.619252e+00,1.208550e+00,1.081395e+00,1.674876e+00,1.693300e+00,1.175147e+00,9.693326e-01,1.359059e+00,1.547715e+00,1.351477e+00,1.119029e+00,1.310296e+00,1.629722e+00,1.502054e+00,1.026090e+00,1.321282e+00,1.692128e+00,1.551053e+00,9.577687e-01,1.141352e+00,1.565394e+00,1.622083e+00,1.243496e+00,9.788989e-01,1.797532e+00,1.764221e+00,1.055667e+00,1.491770e+00,1.787367e+00,1.531441e+00,1.026598e+00,1.148102e+00,1.376185e+00,1.409886e+00,1.156835e+00,1.133692e+00,1.212243e+00,1.250225e+00
5.059311e+04,1.619149e+00,6.932552e-01,1.163697e+00,1.820566e+00,1.644160e+00,8.728338e-01,1.181659e+00,1.646703e+00,1.493029e+00,8.655452e-01,8.307188e-01,1.516709e+00,1.687301e+00,1.178979e+00,8.045194e-01,1.513051e+00,1.753643e+00,1.141143e+00,9.098982e-01,1.546321e+00,1.635355e+00,9.740230e-01,7.857793e-01,1.318518e+00,1.578488e+00,1.296108e+00,7.572785e-01,1.550352e+00,1.659715e+00,1.018176e+00,1.187084e+00,1.553143e+00,1.369849e+00,9.015331e-01,9.649645e-01,1.181006e+00,1.224734e+00,9.938535e-01,9.733595e-01,1.044848e+00,1.077754e+00
5.203806e+04,2.057546e+00,1.291960e+00,5.132058e-01,1.421949e+00,1.857269e+00,1.461959e+00,5.753028e-01,1.125900e+00,1.585923e+00,1.350029e+00,6.187085e-01,1.181403e+00,1.922538e+00,1.655165e+00,6.494259e-01,1.201144e+00,1.911522e+00,1.458054e+00,5.595997e-01,1.293275e+00,1.658712e+00,1.166293e+00,5.589863e-01,1.051690e+00,1.503695e+00,1.417492e+00,7.207754e-01,1.323167e+00,1.562235e+00,1.024725e+00,9.678548e-01,1.354160e+00,1.271033e+00,8.340980e-01,8.265347e-01,1.034008e+00,1.087470e+00,8.832826e-01,8.552206e-01,9.198246e-01,9.401581e-01
5.348300e+04,1.905513e+00,1.913859e+00,9.300308e-01,6.587198e-01,1.642118e+00,2.099196e+00,1.285359e+00,5.193574e-01,1.483176e+00,2.007507e+00,1.375190e+00,7.409008e-01,2.196898e+00,2.346326e+00,1.257303e+00,8.841486e-01,2.200857e+00,1.955566e+00,6.311046e-01,1.118431e+00,1.813352e+00,1.565959e+00,6.771799e-01,8.953141e-01,1.589493e+00,1.734818e+00,9.336366e-01,1.283609e+00,1.689404e+00,1.204323e+00,9.170759e-01,1.375910e+00,1.391867e+00,9.190581e-01,8.355449e-01,1.078054e+00,1.151997e+00,9.309878e-01,8.860090e-01,9.534421e-01,9.902061e-01
5.492795e+04,8.250681e-01,1.843350e+00,1.999880e+00,1.315644e+00,7.621809e-01,2.258563e+00,2.558795e+00,1.356869e+00,9.686904e-01,2.488226e+00,2.413499e+00,5.196336e-01,2.183703e+00,2.961725e+00,2.146721e+00,5.191719e-01,2.351459e+00,2.470206e+00,1.167878e+00,8.435766e-01,1.937528e+00,2.086367e+00,1.097747e+00,7.293117e-01,1.724398e+00,2.208418e+00,1.320214e+00,1.299451e+00,1.926613e+00,1.490274e+00,9.308398e-01,1.473318e+00,1.629989e+00,1.073947e+00,8.941187e-01,1.204800e+00,1.303613e+00,1.041622e+00,9.923705e-01,1.061046e+00,1.107480e+00
5.637289e+04,1.389429e+00,5.688175e-01,1.932060e+00,2.242963e+00,1.007411e+00,1.175102e+00,2.621456e+00,2.093479e+00,3.868448e-01,1.850597e+00,2.427416e+00,1.066051e+00,1.258627e+00,2.410617e+00,2.213146e+00,6.228189e-01,1.598351e+00,2.104624e+00,1.419103e+00,4.576973e-01,1.381576e+00,1.918439e+00,1.263402e+00,4.520633e-01,1.305773e+00,2.000030e+00,1.352817e+00,9.388311e-01,1.608357e+00,1.365866e+00,7.295026e-01,1.190645e+00,1.425899e+00,9.696906e-01,7.344125e-01,1.011812e+00,1.112700e+00,8.880464e-01,8.370370e-01,9.019463e-01,9.405436e-01
5.781784e+04,2.139530e+00,7.989554e-01,1.136039e+00,2.136444e+00,1.642079e+00,3.005680e-01,1.860459e+00,2.006232e+00,8.570225e-01,9.350181e-01,1.801783e+00,1.261801e+00,4.557564e-01,1.473554e+00,1.802084e+00,8.837953e-01,8.213396e-01,1.438527e+00,1.357581e+00,5.089167e-01,8.158865e-01,1.547595e+00,1.231100e+00,4.235781e-01,8.739328e-01,1.640135e+00,1.240895e+00,6.294984e-01,1.216183e+00,1.138808e+00,5.609048e-01,8.826065e-01,1.160880e+00,8.163090e-01,5.632607e-01,7.922838e-01,8.857086e-01,7.166931e-01,6.587518e-01,7.164630e-01,7.423990e-01
5.926279e+04,2.275782e+00,1.469190e+00,4.545594e-01,1.715067e+00,1.865647e+00,8.293509e-01,1.163455e+00,1.739437e+00,1.190216e+00,3.897524e-01,1.268867e+00,1.379754e+00,5.536308e-01,8.622435e-01,1.516761e+00,1.150623e+00,4.490340e-01,1.038026e+00,1.462217e+00,8.267206e-01,5.054812e-01,1.442557e+00,1.387056e+00,6.199673e-01,6.686570e-01,1.602911e+00,1.350254e+00,5.172141e-01,1.127450e+00,1.164985e+00,5.863001e-01,8.049140e-01,1.179830e+00,8.601372e-01,5.420140e-01,7.881731e-01,9.008565e-01,7.202558e-01,6.626199e-01,7.132376e-01,7.445944e-01
6.070773e+04,1.952019e+00,1.789996e+00,5.948379e-01,1.154652e+00,1.806259e+00,1.436071e+00,7.263461e-01,1.355099e+00,1.454195e+00,8.177632e-01,8.680212e-01,1.488092e+00,1.263864e+00,7.188813e-01,1.342891e+00,1.578453e+00,8.765812e-01,8.164246e-01,1.843793e+00,1.435380e+00,5.332516e-01,1.640575e+00,1.899293e+00,1.093609e+00,6.460286e-01,1.984827e+00,1.864441e+00,6.242276e-01,1.342977e+00,1.558992e+00,8.573609e-01,9.792313e-01,1.596438e+00,1.202566e+00,6.963763e-01,1.035880e+00,1.207422e+00,9.663960e-01,8.801576e-01,9.520379e-01,9.843237e-01
6.215268e+04,1.609609e+00,1.294470e+00,1.057003e+00,1.403951e+00,1.308926e+00,1.281240e+00,1.508540e+00,1.261190e+00,1.094706e+00,1.493022e+00,1.283918e+00,1.093745e+00,1.846132e+00,1.565730e+00,9.789784e-01,1.712017e+00,1.738879e+00,8.408424e-01,1.946423e+00,2.012455e+00,1.001456e+00,1.607571e+00,2.306896e+00,1.616872e+00,6.523357e-01,2.202286e+00,2.299734e+00,8.175214e-01,1.465711e+00,1.889665e+00,1.220499e+00,1.100437e+00,2.029352e+00,1.609792e+00,8.595389e-01,1.277785e+00,1.531362e+00,1.236776e+00,1.113328e+00,1.196471e+00,1.246660e+00
6.359762e+04,2.111707e+00,1.610594e+00,4.541532e-01,1.608022e+00,1.698621e+00,6.984178e-01,1.414579e+00,1.627584e+00,7.360856e-01,1.037761e+00,1.503419e+00,7.010174e-01,1.159868e+00,1.536924e+00,9.636214e-01,8.748055e-01,1.503610e+00,9.388962e-01,1.044394e+00,1.443924e+00,9.785590e-01,8.466101e-01,1.479619e+00,1.224894e+00,5.348298e-01,1.348488e+00,1.544285e+00,6.951090e-01,9.209126e-01,1.280091e+00,1.013245e+00,7.178006e-01,1.464183e+00,1.217181e+00,6.080544e-01,9.106977e-01,1.111398e+00,8.978862e-01,8.012246e-01,8.624443e-01,9.066870e-01
6.504257e+04,2.046512e+00,2.063768e+00,4.582066e-01,1.296591e+00,1.963053e+00,1.167170e+00,1.026352e+00,1.700937e+00,1.082083e+00,5.910754e-01,1.414222e+00,9.657756e-01,6.737186e-01,1.346045e+00,1.171365e+00,5.115270e-01,1.250748e+00,1.000050e+00,6.482012e-01,1.070379e+00,9.218676e-01,5.838416e-01,1.041356e+00,9.982641e-01,5.470050e-01,9.445436e-01,1.144587e+00,6.865890e-01,6.847855e-01,9.832661e-01,9.525778e-01,5.548652e-01,1.216596e+00,1.060852e+00,4.978004e-01,7.488762e-01,9.337674e-01,7.588904e-01,6.701385e-01,7.191191e-01,7.633979e-01
6.648752e+04,1.710594e+00,2.287560e+00,9.163107e-01,9.442825e-01,2.057870e+00,1.620695e+00,7.125756e-01,1.691271e+00,1.386569e+00,4.280200e-01,1.342831e+00,1.248594e+00,5.484262e-01,1.264157e+00,1.371487e+00,5.755129e-01,1.203005e+00,1.109388e+00,6.645987e-01,9.874315e-01,9.578031e-01,6.723777e-01,9.769625e-01,9.645683e-01,6.572603e-01,9.403815e-01,1.063289e+00,8.340488e-01,7.513137e-01,9.144250e-01,1.131783e+00,5.788089e-01,1.290034e+00,1.188063e+00,5.392168e-01,7.918963e-01,1.009640e+00,8.232285e-01,7.253385e-01,7.775776e-01,8.212883e-01
6.793246e+04,1.347652e+00,2.297097e+00,1.268921e+00,6.666013e-01,2.038906e+00,1.964009e+00,5.798131e-01,1.676766e+00,1.615275e+00,5.117111e-01,1.359146e+00,1.433631e+00,6.338900e-01,1.308622e+00,1.515375e+00,7.074072e-01,1.301855e+00,1.191436e+00,8.150794e-01,1.088167e+00,1.012300e+00,8.408077e-01,1.137348e+00,9.932451e-01,7.315185e-01,1.180399e+00,1.102967e+00,1.011979e+00,9.721267e-01,9.042580e-01,1.421420e+00,6.867325e-01,1.424865e+00,1.385107e+00,6.212465e-01,8.759611e-01,1.156687e+00,9.558427e-01,8.312079e-01,8.828818e-01,9.415770e-01
6.937741e+04,8.846521e-01,2.364758e+00,1.712831e+00,4.009125e-01,2.116845e+00,2.430498e+00,4.277660e-01,1.773941e+00,1.990166e+00,5.579974e-01,1.464023e+00,1.771766e+00,5.667653e-01,1.466095e+00,1.827715e+00,6.402015e-01,1.543191e+00,1.380125e+00,7.662785e-01,1.313056e+00,1.109476e+00,8.134307e-01,1.359423e+00,1.091453e+00,6.274601e-01,1.429527e+00,1.232011e+00,1.032232e+00,1.170012e+00,7.987119e-01,1.516428e+00,7.614050e-01,1.400838e+00,1.428945e+00,6.349090e-01,8.656288e-01,1.164419e+00,9.745974e-01,8.423068e-01,8.920631e-01,9.483406e-01
7.082235e+04,5.252208e-01,1.946287e+00,2.320145e+00,9.362824e-01,1.875563e+00,3.162371e+00,8.943259e-01,1.658492e+00,2.705191e+00,1.154931e+00,1.452891e+00,2.599563e+00,8.901242e-01,1.635699e+00,2.672415e+00,9.482748e-01,1.942623e+00,1.996487e+00,5.532445e-01,1.602271e+00,1.588800e+00,6.567829e-01,1.674018e+00,1.474912e+00,5.253175e-01,1.740717e+00,1.579225e+00,1.011325e+00,1.414887e+00,8.084969e-01,1.651654e+00,8.833975e-01,1.389586e+00,1.512261e+00,6.762552e-01,8.776880e-01,1.197857e+00,1.016481e+00,8.759046e-01,9.202479e-01,9.800977e-01
7.226730e+04,1.887924e+00,4.669096e-01,2.051499e+00,1.999037e+00,6.567574e-01,2.852995e+00,1.932122e+00,7.624547e-01,2.790964e+00,2.072486e+00,8.485505e-01,3.196671e+00,1.836332e+00,1.337277e+00,3.430897e+00,1.732093e+00,2.018511e+00,2.650734e+00,6.586269e-01,1.684607e+00,2.151977e+00,4.385082e-01,1.819477e+00,1.932263e+00,6.054892e-01,1.923514e+00,1.979957e+00,8.674989e-01,1.603351e+00,9.039228e-01,1.653600e+00,9.814027e-01,1.287231e+00,1.482852e+00,6.798136e-01,8.294083e-01,1.168605e+00,9.927141e-01,8.507009e-01,9.053514e-01,9.659394e-01
7.371225e+04,2.156170e+00,1.721052e+00,6.095536e-01,2.004209e+00,1.173050e+00,1.087893e+00,2.171912e+00,7.588624e-01,1.666794e+00,2.249038e+00,3.600979e-01,2.606015e+00,2.299973e+00,5.050014e-01,3.048408e+00,2.106958e+00,1.425714e+00,2.499276e+00,1.081253e+00,1.247528e+00,2.150381e+00,5.800398e-01,1.491348e+00,1.914544e+00,7.553264e-01,1.613549e+00,1.906670e+00,5.699233e-01,1.419920e+00,8.759638e-01,1.329758e+00,8.695680e-01,9.584187e-01,1.185164e+00,5.514103e-01,6.418381e-01,9.200448e-01,7.919473e-01,6.752695e-01,7.157644e-01,7.661430e-01
7.515719e+04,1.403368e+00,2.607051e+00,9.226542e-01,1.288674e+00,2.181875e+00,8.341420e-01,1.864763e+00,1.752947e+00,4.235031e-01,2.050068e+00,1.196913e+00,1.759886e+00,2.512624e+00,4.143469e-01,2.467762e+00,2.331914e+00,8.118709e-01,2.236720e+00,1.512259e+00,8.329426e-01,2.139485e+00,9.217093e-01,1.191444e+00,1.945933e+00,9.709155e-01,1.386427e+00,1.921458e+00,3.725753e-01,1.306997e+00,9.374173e-01,1.143199e+00,8.235736e-01,7.720579e-01,1.021341e+00,4.951259e-01,5.382154e-01,7.904056e-01,6.825094e-01,5.892194e-01,6.130006e-01,6.555883e-01
7.660214e+04,1.780540e-01,2.577922e+00,2.162415e+00,2.143767e-01,2.654958e+00,2.502397e+00,1.211226e+00,2.510372e+00,9.939216e-01,1.652870e+00,2.017984e+00,8.749795e-01,2.647135e+00,1.191458e+00,1.880706e+00,2.603231e+00,2.482872e-01,2.073816e+00,2.137763e+00,4.686042e-01,2.324663e+00,1.438446e+00,1.030340e+00,2.218117e+00,1.348633e+00,1.349796e+00,2.205114e+00,3.031547e-01,1.417205e+00,1.150506e+00,1.160186e+00,9.280962e-01,7.457717e-01,1.046429e+00,5.327871e-01,5.404300e-01,8.108631e-01,7.157693e-01,6.142200e-01,6.364346e-01,6.865203e-01
7.804708e+04,1.600418e+00,1.277396e+00,2.624579e+00,1.342721e+00,2.122791e+00,3.514289e+00,2.014278e-01,2.551537e+00,2.188838e+00,7.870202e-01,2.440301e+00,4.569511e-01,2.313382e+00,1.889980e+00,9.298527e-01,2.571554e+00,7.248317e-01,1.652433e+00,2.707773e+00,2.303332e-01,2.399704e+00,2.018602e+00,7.850025e-01,2.472110e+00,1.784914e+00,1.294487e+00,2.508330e+00,3.733636e-01,1.553079e+00,1.445136e+00,1.193539e+00,1.084217e+00,7.573491e-01,1.120890e+00,6.051657e-01,5.714378e-01,8.703135e-01,7.680342e-01,6.654692e-01,6.824614e-01,7.412251e-01
7.949203e+04,2.288541e+00,8.209715e-01,1.710500e+00,2.151865e+00,5.923076e-01,2.906272e+00,1.219282e+00,1.509539e+00,2.561125e+00,5.064713e-01,1.985485e+00,1.553311e+00,1.236024e+00,2.127630e+00,5.650542e-01,1.889684e+00,1.516565e+00,8.309935e-01,2.933284e+00,7.376674e-01,2.088288e+00,2.426780e+00,4.099522e-01,2.453334e+00,2.078938e+00,1.058998e+00,2.595562e+00,5.511799e-01,1.539388e+00,1.633303e+00,1.162304e+00,1.147865e+00,7.141243e-01,1.107053e+00,6.287762e-01,5.591050e-01,8.690716e-01,7.872474e-01,6.742469e-01,6.870344e-01,7.514503e-01
8.093698e+04,1.632487e+00,2.296921e+00,3.133158e-01,1.920731e+00,1.268041e+00,1.186670e+00,2.032712e+00,3.584814e-01,2.127429e+00,1.638762e+00,1.009665e+00,2.452814e+00,4.427402e-01,2.047619e+00,1.952915e+00,9.994836e-01,2.369064e+00,3.378515e-01,3.176796e+00,1.414363e+00,1.810542e+00,2.961188e+00,2.641486e-01,2.564517e+00,2.512941e+00,8.661210e-01,2.876247e+00,8.544850e-01,1.677931e+00,2.019378e+00,1.225361e+00,1.359608e+00,7.518903e-01,1.238037e+00,7.450648e-01,6.247708e-01,9.788321e-01,8.951768e-01,7.647813e-01,7.822783e-01,8.485707e-01
8.238192e+04,7.545216e-01,2.186852e+00,2.117329e+00,4.139620e-01,2.550767e+00,1.997188e+00,1.949701e+00,2.215274e+00,6.506844e-01,2.490907e+00,8.961083e-01,2.839044e+00,2.177557e+00,1.401518e+00,3.454864e+00,6.097384e-01,3.162024e+00,1.459638e+00,3.202574e+00,2.195234e+00,1.334832e+00,3.503404e+00,7.538345e-01,2.623542e+00,3.027888e+00,6.261589e-01,3.200887e+00,1.288461e+00,1.855805e+00,2.570484e+00,1.345167e+00,1.664859e+00,8.527894e-01,1.431130e+00,9.066071e-01,7.240907e-01,1.156487e+00,1.057374e+00,9.219111e-01,9.329097e-01,1.006563e+00
8.382687e+04,2.270739e+00,3.708562e-01,2.134092e+00,1.842840e+00,1.563320e+00,3.288801e+00,3.821267e-01,2.475203e+00,1.382880e+00,1.605158e+00,1.947087e+00,1.453781e+00,2.601951e+00,2.566089e-01,2.928021e+00,1.443089e+00,2.315196e+00,1.756476e+00,1.772846e+00,1.863353e+00,4.137822e-01,2.477903e+00,9.073810e-01,1.568322e+00,2.221999e+00,2.914853e-01,2.184337e+00,1.179395e+00,1.269404e+00,2.021717e+00,9.396724e-01,1.266734e+00,6.215301e-01,1.057109e+00,7.140463e-01,5.409241e-01,8.631250e-01,8.049380e-01,6.995729e-01,7.034762e-01,7.656923e-01
8.527181e+04,2.145146e+00,1.808637e+00,1.122727e+00,2.330316e+00,2.945449e-01,2.818311e+00,8.327148e-01,1.765952e+00,2.036211e+00,6.169441e-01,2.037682e+00,3.538809e-01,2.213203e+00,7.522048e-01,2.017043e+00,1.634450e+00,1.430296e+00,1.582315e+00,7.955733e-01,1.388747e+00,3.235620e-01,1.603296e+00,8.831577e-01,8.593126e-01,1.532996e+00,3.201609e-01,1.422119e+00,1.021050e+00,8.599650e-01,1.576138e+00,6.513961e-01,9.708867e-01,4.598170e-01,7.819069e-01,5.572186e-01,4.053493e-01,6.522415e-01,6.093597e-01,5.362097e-01,5.328072e-01,5.865688e-01
8.671676e+04,1.531914e+00,2.603185e+00,2.165661e-01,2.302002e+00,7.686481e-01,2.121637e+00,1.538630e+00,1.118752e+00,2.335481e+00,2.071706e-01,2.025679e+00,5.051911e-01,1.974471e+00,1.217258e+00,1.510191e+00,1.795258e+00,9.733199e-01,1.543226e+00,3.402722e-01,1.220311e+00,6.370013e-01,1.260939e+00,9.870042e-01,5.343326e-01,1.327155e+00,5.078006e-01,1.180976e+00,1.127650e+00,7.593988e-01,1.616008e+00,6.010709e-01,9.784044e-01,4.669753e-01,7.655817e-01,5.767803e-01,4.041619e-01,6.530915e-01,6.152697e-01,5.423044e-01,5.318329e-01,5.913051e-01
8.816171e+04,6.138548e-01,2.892692e+00,8.332640e-01,1.904645e+00,1.636780e+00,1.204202e+00,2.165331e+00,4.425506e-01,2.548695e+00,8.932474e-01,1.990635e+00,1.256741e+00,1.800053e+00,1.741781e+00,1.115689e+00,2.120241e+00,6.547249e-01,1.688831e+00,6.342600e-01,1.230835e+00,1.148608e+00,1.149847e+00,1.299515e+00,4.333999e-01,1.404974e+00,8.925627e-01,1.197635e+00,1.608943e+00,8.452941e-01,2.148248e+00,7.381149e-01,1.299578e+00,6.295286e-01,9.964120e-01,7.872165e-01,5.364438e-01,8.730924e-01,8.269970e-01,7.298823e-01,7.209629e-01,7.922282e-01
8.960665e+04,8.503400e-01,2.196974e+00,1.566411e+00,1.076964e+00,2.060609e+00,9.338362e-01,2.280183e+00,8.624108e-01,2.241152e+00,1.584834e+00,1.644955e+00,1.991340e+00,1.424320e+00,2.113664e+00,9.217925e-01,2.275600e+00,8.252398e-01,1.737850e+00,1.577356e+00,1.223783e+00,1.915936e+00,1.084407e+00,1.846977e+00,8.335778e-01,1.594221e+00,1.646644e+00,1.343733e+00,2.585788e+00,1.076687e+00,3.303223e+00,1.057513e+00,1.990162e+00,9.994187e-01,1.506395e+00,1.243488e+00,8.262882e-01,1.355515e+00,1.275501e+00,1.155117e+00,1.112424e+00,1.241778e+00
9.105160e+04,9.533827e-01,2.038979e+00,1.195726e+00,1.412581e+00,1.510134e+00,1.456709e+00,1.730660e+00,1.057218e+00,1.873665e+00,1.201354e+00,1.554876e+00,1.470312e+00,1.565529e+00,1.455509e+00,1.579274e+00,1.559500e+00,1.501706e+00,1.194774e+00,2.063142e+00,9.265199e-01,1.943203e+00,1.112531e+00,1.651605e+00,1.366264e+00,1.192872e+00,2.006061e+00,1.062707e+00,2.898628e+00,9.636656e-01,3.558555e+00,1.111759e+00,2.151683e+00,1.125538e+00,1.617875e+00,1.403791e+00,8.959146e-01,1.474666e+00,1.410123e+00,1.271036e+00,1.237134e+00,1.375043e+00
9.249654e+04,1.300894e+00,1.853629e+00,1.819416e+00,8.360506e-01,2.226897e+00,9.725734e-01,2.491024e+00,8.034787e-01,2.506354e+00,1.444710e+00,2.045263e+00,1.557749e+00,2.071895e+00,1.734278e+00,1.748842e+00,1.982481e+00,1.623605e+00,1.465868e+00,1.738938e+00,1.108612e+00,1.349543e+00,1.493094e+00,1.071166e+00,1.577055e+00,8.937484e-01,1.866041e+00,8.993115e-01,2.596408e+00,7.252606e-01,3.107236e+00,9.602821e-01,1.902436e+00,1.045639e+00,1.394056e+00,1.273576e+00,8.047583e-01,1.323624e+00,1.249970e+00,1.148022e+00,1.102698e+00,1.233252e+00
9.394149e+04,2.063208e+00,6.493518e-01,2.021351e+00,1.269118e+00,2.278902e+00,2.352983e+00,2.560973e+00,1.742499e+00,2.248697e+00,2.276785e+00,1.791905e+00,2.487830e+00,1.902439e+00,2.457639e+00,1.337328e+00,2.644611e+00,1.343538e+00,1.907513e+00,1.151424e+00,1.403165e+00,7.875345e-01,1.747968e+00,6.646750e-01,1.600127e+00,1.057016e+00,1.643905e+00,1.033730e+00,2.264677e+00,5.499078e-01,2.672253e+00,8.398125e-01,1.639141e+00,9.462082e-01,1.208965e+00,1.140770e+00,6.968303e-01,1.164511e+00,1.091667e+00,1.020160e+00,9.667086e-01,1.086222e+00
9.538644e+04,1.559490e+00,2.298392e+00,1.108761e+00,2.392651e+00,1.239509e+00,3.139183e+00,1.561530e+00,2.208254e+00,1.111417e+00,2.397436e+00,9.085552e-01,2.763753e+00,1.170242e+00,2.546607e+00,6.428587e-01,2.646319e+00,7.804832e-01,1.918779e+00,5.816228e-01,1.460405e+00,6.633971e-01,1.776950e+00,6.309789e-01,1.417764e+00,1.222595e+00,1.330225e+00,1.143049e+00,1.862856e+00,4.600308e-01,2.190387e+00,7.022159e-01,1.336816e+00,8.119631e-01,9.849656e-01,9.726790e-01,5.815011e-01,9.761809e-01,9.073718e-01,8.537898e-01,8.068489e-01,9.043269e-01
9.683138e+04,4.363081e-01,3.107873e+00,2.862449e-01,2.544690e+00,3.021403e-01,2.882113e+00,4.386407e-01,2.052650e+00,4.095099e-01,2.010075e+00,3.390886e-01,2.530318e+00,4.519258e-01,2.271214e+00,4.628892e-01,2.340782e+00,3.927196e-01,1.776710e+00,7.527587e-01,1.468367e+00,1.038798e+00,1.818623e+00,9.084415e-01,1.326707e+00,1.477022e+00,1.166096e+00,1.330448e+00,1.721070e+00,4.459176e-01,1.982602e+00,6.567362e-01,1.222588e+00,7.792312e-01,8.954417e-01,9.209707e-01,5.336371e-01,9.137864e-01,8.445209e-01,8.001199e-01,7.464939e-01,8.382130e-01
9.827633e+04,9.242793e-01,2.762122e+00,1.212228e+00,1.901227e+00,1.259907e+00,1.871364e+00,1.167479e+00,1.486054e+00,1.459382e+00,1.337704e+00,1.209397e+00,2.125412e+00,9.083855e-01,1.911022e+00,1.318328e+00,2.069526e+00,9.287723e-01,1.754023e+00,1.727772e+00,1.720114e+00,1.998177e+00,2.288202e+00,1.610063e+00,1.579827e+00,2.228353e+00,1.288355e+00,1.969795e+00,2.052926e+00,5.654649e-01,2.420253e+00,8.285902e-01,1.483136e+00,9.827203e-01,1.082675e+00,1.137570e+00,6.432259e-01,1.120546e+00,1.018163e+00,9.914913e-01,9.099097e-01,1.044762e+00
9.972127e+04,1.178953e+00,1.927100e+00,1.159061e+00,1.768110e+00,1.519575e+00,2.195412e+00,2.160686e+00,1.274049e+00,2.293198e+00,1.327808e+00,2.147043e+00,1.114801e+00,2.300659e+00,9.981154e-01,2.601546e+00,1.083917e+00,2.443742e+00,1.316177e+00,3.693622e+00,2.055468e+00,3.759467e+00,3.038896e+00,2.914200e+00,1.991894e+00,3.604341e+00,1.506261e+00,3.196821e+00,2.808354e+00,8.821691e-01,3.358428e+00,1.144627e+00,1.977845e+00,1.389111e+00,1.431953e+00,1.595704e+00,8.715689e-01,1.548168e+00,1.393503e+00,1.375370e+00,1.257964e+00,1.434660e+00
1.011662e+05,9.402899e-01,3.203527e+00,9.329595e-01,2.428309e+00,5.573953e-01,2.703105e+00,3.963863e-01,1.870947e+00,3.813901e-01,1.839888e+00,6.385695e-01,1.942825e+00,1.301484e+00,1.553293e+00,1.324873e+00,1.352093e+00,1.756904e+00,4.014777e-01,2.433881e+00,7.279827e-01,2.315108e+00,1.356096e+00,1.756278e+00,8.324236e-01,2.004008e+00,6.099072e-01,1.818450e+00,1.377637e+00,5.095670e-01,1.669314e+00,5.459494e-01,9.717332e-01,6.838283e-01,6.961840e-01,7.983795e-01,4.239049e-01,7.585183e-01,6.714824e-01,6.755572e-01,6.131341e-01,7.035198e-01
1.026112e+05,1.824255e+00,2.575794e+00,1.658156e+00,1.767299e+00,1.413598e+00,1.862733e+00,9.003801e-01,1.619795e+00,9.815680e-01,1.663347e+00,4.271242e-01,2.363994e+00,5.899106e-01,2.017317e+00,6.444835e-01,1.876400e+00,1.338604e+00,8.468578e-01,1.816315e+00,1.879390e-01,1.681296e+00,6.476702e-01,1.314363e+00,3.899108e-01,1.399418e+00,2.853672e-01,1.279297e+00,8.478747e-01,3.556590e-01,1.038461e+00,3.478607e-01,6.102179e-01,4.349142e-01,4.282477e-01,5.003462e-01,2.521545e-01,4.645433e-01,4.076620e-01,4.057595e-01,3.637889e-01,4.234621e-01
1.040561e+05,2.362785e+00,1.317979e+00,2.216716e+00,6.997633e-01,2.368139e+00,7.271891e-01,2.359417e+00,1.396689e+00,2.485404e+00,1.676860e+00,1.662347e+00,3.382219e+00,1.337920e-01,3.036133e+00,1.051494e-01,3.119533e+00,1.508467e+00,1.605063e+00,2.099832e+00,2.454631e-01,1.902980e+00,4.629745e-01,1.517050e+00,2.409022e-01,1.525605e+00,1.575142e-01,1.479517e+00,8.206504e-01,4.521420e-01,1.090286e+00,3.366522e-01,6.126824e-01,4.366830e-01,3.998185e-01,5.024510e-01,2.389325e-01,4.586139e-01,3.973684e-01,4.115400e-01,3.695677e-01,4.227089e-01
1.055011e+05,1.477204e+00,2.567789e+00,1.962255e+00,2.426446e+00,3.413018e+00,2.670307e+00,5.317763e+00,4.007889e-01,5.753517e+00,1.433445e+00,4.566551e+00,5.700090e+00,1.567811e+00,5.504546e+00,1.225817e+00,6.233374e+00,2.194735e+00,3.506020e+00,3.246578e+00,8.540141e-01,2.948729e+00,2.685190e-01,2.473064e+00,1.514031e-01,2.425941e+00,2.551409e-01,2.477307e+00,1.198170e+00,7.651472e-01,1.635016e+00,4.406283e-01,9.870521e-01,6.517807e-01,6.375134e-01,7.865917e-01,3.633312e-01,7.074946e-01,5.995265e-01,6.234946e-01,5.531743e-01,6.456047e-01
1.069460e+05,1.517181e+00,3.281641e+00,7.290066e-01,2.698397e+00,5.491610e-01,3.031871e+00,2.513006e+00,9.849265e-01,2.938257e+00,2.396760e-01,2.692149e+00,2.261590e+00,1.404112e+00,2.556369e+00,1.155982e+00,3.145807e+00,7.946905e-01,1.902942e+00,1.335986e+00,6.734885e-01,1.260961e+00,1.876245e-01,1.180161e+00,1.768937e-01,1.116277e+00,2.276217e-01,1.201824e+00,5.099545e-01,3.663647e-01,7.168094e-01,1.964711e-01,4.852359e-01,2.966028e-01,3.030506e-01,3.610955e-01,1.601780e-01,3.171784e-01,2.656453e-01,2.813416e-01,2.445288e-01,2.857994e-01
1.083910e+05,2.153311e+00,2.480272e+00,1.392690e+00,1.999958e+00,4.876830e-01,2.314524e+00,1.054340e+00,1.123594e+00,1.444516e+00,6.702007e-01,1.606841e+00,8.489582e-01,1.106708e+00,1.266011e+00,9.701383e-01,1.784907e+00,2.902913e-01,1.155483e+00,6.184977e-01,5.056589e-01,6.250681e-01,2.543843e-01,6.575058e-01,1.840633e-01,6.091658e-01,2.206700e-01,7.158746e-01,2.214887e-01,3.189053e-01,4.607030e-01,1.261377e-01,2.944047e-01,1.723340e-01,1.740921e-01,1.941776e-01,8.632983e-02,1.667119e-01,1.372935e-01,1.494603e-01,1.310471e-01,1.567801e-01
1.098359e+05,2.360785e+00,1.846713e+00,1.703575e+00,1.544987e+00,9.902317e-01,1.956318e+00,4.072103e-01,1.153555e+00,7.980611e-01,8.693454e-01,1.186501e+00,2.718480e-01,1.043272e+00,7.745986e-01,1.001989e+00,1.393940e+00,1.108087e-01,9.740841e-01,3.902305e-01,4.553616e-01,3.955414e-01,3.317910e-01,5.310349e-01,2.577151e-01,5.059498e-01,2.858094e-01,6.907946e-01,2.219608e-01,2.799270e-01,3.482308e-01,1.035623e-01,3.156302e-01,1.439042e-01,1.908778e-01,2.139144e-01,8.718897e-02,1.818022e-01,1.490886e-01,1.597203e-01,1.395245e-01,1.637016e-01
1.112808e+05,2.440831e+00,1.265377e+00,1.933056e+00,1.136464e+00,1.462248e+00,1.696132e+00,2.518758e-01,1.385777e+00,3.031437e-01,1.231657e+00,1.036580e+00,3.112457e-01,1.342422e+00,5.552606e-01,1.272640e+00,1.370157e+00,1.818411e-01,1.193562e+00,1.974806e-01,8.188464e-01,3.659063e-01,7.595307e-01,7.559962e-01,5.483130e-01,7.248072e-01,5.304397e-01,1.098994e+00,2.211604e-01,5.722265e-01,6.403850e-01,2.635650e-01,6.526529e-01,2.823304e-01,3.822927e-01,4.017714e-01,1.588972e-01,3.328479e-01,2.668144e-01,2.859926e-01,2.437065e-01,2.899668e-01
1.127258e+05,2.124420e+00,8.460186e-01,1.886800e+00,8.209763e-01,1.793947e+00,1.325816e+00,1.361842e+00,1.536255e+00,1.024367e+00,1.849982e+00,9.232031e-01,1.641893e+00,2.012477e+00,6.727508e-01,2.357262e+00,1.828626e+00,9.921039e-01,1.978708e+00,9.263145e-01,1.942758e+00,5.666812e-01,2.481023e+00,1.591149e+00,1.935937e+00,1.592787e+00,2.106851e+00,3.344194e+00,6.681210e-01,1.939509e+00,1.804296e+00,1.096599e+00,2.573921e+00,9.452038e-01,1.466970e+00,1.468372e+00,5.660825e-01,1.206754e+00,9.749550e-01,1.053374e+00,9.001587e-01,1.086677e+00
1.141707e+05,2.169165e+00,6.463804e-01,2.017081e+00,7.164545e-01,1.959220e+00,1.430263e+00,1.135117e+00,1.685024e+00,7.278030e-01,1.764888e+00,1.217617e+00,1.066215e+00,1.877177e+00,9.097168e-01,1.821832e+00,2.071806e+00,6.883387e-01,1.404841e+00,1.215893e+00,9.389516e-01,1.032153e+00,1.697005e+00,8.727973e-01,1.392617e+00,9.367449e-01,1.620306e+00,2.199614e+00,8.057472e-01,1.509846e+00,1.218563e+00,1.296565e+00,2.558070e+00,7.734196e-01,1.518051e+00,1.398026e+00,5.312015e-01,1.138088e+00,9.209771e-01,1.002892e+00,8.543841e-01,1.037171e+00
1.156157e+05,1.946513e+00,1.295733e+00,1.494062e+00,1.204394e+00,1.487493e+00,1.442951e+00,1.882135e+00,1.423807e+00,1.498696e+00,2.047021e+00,1.015983e+00,1.982192e+00,2.444588e+00,8.217276e-01,2.570332e+00,2.616140e+00,8.922574e-01,1.904915e+00,1.515117e+00,1.433135e+00,1.231646e+00,2.200917e+00,1.402349e+00,1.639265e+00,1.520263e+00,1.697211e+00,2.829553e+00,1.427263e+00,1.252276e+00,1.589106e+00,2.270894e+00,3.673062e+00,8.717164e-01,2.299270e+00,1.917874e+00,7.358377e-01,1.523755e+00,1.241085e+00,1.350634e+00,1.149054e+00,1.401660e+00
1.170606e+05,2.409360e+00,1.223180e+00,1.603179e+00,1.426567e+00,4.617167e-01,1.862929e+00,1.734322e+00,2.859304e-01,1.761240e+00,1.479088e+00,2.545320e-01,2.148137e+00,2.252663e+00,1.802409e-01,2.648879e+00,2.563571e+00,3.554290e-01,1.600615e+00,1.434174e+00,4.729506e-01,1.129033e+00,1.620919e+00,5.245708e-01,1.240811e+00,7.161733e-01,1.254128e+00,2.004290e+00,7.161929e-01,4.660641e-01,1.214223e+00,1.218123e+00,1.651317e+00,3.014084e-01,1.118844e+00,8.558949e-01,3.335245e-01,6.675805e-01,5.574875e-01,5.944033e-01,5.118614e-01,6.215226e-01
1.185056e+05,2.451392e+00,3.645205e-01,2.168888e+00,9.451389e-01,1.495747e+00,1.905415e+00,6.524885e-01,7.786090e-01,1.234475e+00,1.714901e-01,9.389599e-01,1.783214e+00,1.259510e+00,5.235590e-01,1.697829e+00,1.275382e+00,1.767179e-01,1.164396e+00,5.985478e-01,2.745236e-01,6.593310e-01,4.351346e-01,1.928632e-01,4.817608e-01,7.136297e-02,6.739666e-01,7.698101e-01,1.545304e-01,4.681093e-01,6.037661e-01,3.614972e-01,3.787549e-01,8.005052e-02,2.985579e-01,1.942210e-01,8.331401e-02,1.486900e-01,1.275940e-01,1.310084e-01,1.137441e-01,1.343712e-01
1.199505e+05,2.287646e+00,7.929527e-01,2.947529e+00,4.132107e-01,3.014594e+00,2.442671e+00,2.016618e-01,1.927847e+00,1.314312e+00,8.462303e-01,2.021131e+00,2.538485e+00,1.267684e+00,1.116068e+00,2.208993e+00,1.394437e+00,4.270929e-01,1.559262e+00,6.467955e-01,4.880526e-01,8.510220e-01,5.047950e-01,2.886892e-01,5.433817e-01,1.492216e-01,7.353356e-01,8.508449e-01,2.210263e-01,2.230115e-01,3.749333e-01,2.684799e-01,3.144529e-01,4.974365e-02,2.121467e-01,1.453656e-01,5.902106e-02,1.111030e-01,9.564779e-02,1.016146e-01,8.752822e-02,1.088690e-01
1.213955e+05,3.240578e-01,4.062660e+00,3.962497e+00,1.805750e+00,7.052011e+00,3.076395e+00,3.735788e+00,6.399522e+00,1.395992e+00,5.104945e+00,6.916259e+00,6.534493e+00,1.930156e+00,3.849701e+00,5.421603e+00,2.633827e+00,1.733437e+00,4.324938e+00,1.197243e+00,1.673882e+00,2.080255e+00,5.631957e-01,1.216569e+00,1.092364e+00,8.365270e-01,1.898430e+00,1.686693e+00,2.328630e-01,1.449388e+00,1.594536e+00,7.891520e-01,6.918566e-01,1.626105e-01,6.430500e-01,3.771675e-01,1.713841e-01,2.872080e-01,2.615718e-01,2.672177e-01,2.306752e-01,2.853246e-01
1.228404e+05,2.482574e+00,1.454725e+00,1.108629e+00,1.749527e+00,1.117677e+00,1.132130e+00,2.986595e+00,2.768425e+00,7.490766e-01,3.426961e+00,3.434150e+00,2.491348e+00,1.440743e-01,2.143338e+00,2.046256e+00,4.829088e-01,1.394637e+00,2.271056e+00,1.995976e-01,1.553051e+00,1.140085e+00,3.943198e-01,1.441789e+00,5.056835e-01,1.203668e+00,1.542396e+00,1.010351e+00,6.110559e-01,1.641377e+00,1.549352e+00,6.327817e-01,4.583817e-01,1.996216e-01,5.245742e-01,2.759430e-01,1.352828e-01,2.064828e-01,1.972031e-01,1.957243e-01,1.705853e-01,2.094739e-01
1.242854e+05,1.832071e+00,1.021272e+00,2.605143e+00,7.903444e-01,2.293415e+00,2.616390e+00,1.720607e+00,8.643475e-01,1.703567e+00,1.982658e+00,1.310663e+00,1.221939e+00,1.824089e+00,1.523082e+00,1.168553e+00,2.631716e+00,3.146892e+00,2.810803e+00,1.758985e+00,4.613175e+00,1.926222e+00,2.980540e+00,5.249538e+00,7.995332e-01,4.775714e+00,4.799229e+00,2.528584e+00,2.487740e+00,5.808576e+00,5.251982e+00,2.010794e+00,1.309710e+00,7.049279e-01,1.666459e+00,8.262633e-01,4.348898e-01,6.203985e-01,6.072256e-01,5.900665e-01,5.122511e-01,6.385725e-01
1.257303e+05,2.007167e+00,1.376865e+00,3.530192e+00,8.619375e-01,2.830064e+00,3.586182e+00,2.751265e+00,1.118886e+00,1.792921e+00,3.042787e+00,2.465760e+00,1.548201e+00,3.674953e-01,1.510289e+00,1.579035e+00,8.759134e-01,4.810886e-01,1.015404e+00,7.242150e-01,7.353332e-01,4.217564e-01,8.912048e-01,1.059877e+00,2.032754e-01,1.012039e+00,9.023388e-01,4.974580e-01,5.425707e-01,1.084896e+00,9.433691e-01,3.446104e-01,2.304150e-01,1.325176e-01,2.761650e-01,1.373049e-01,7.249063e-02,1.010316e-01,9.749236e-02,9.302190e-02,7.672641e-02,9.353381e-02
1.271752e+05,9.335705e-02,4.708372e+00,5.498889e+00,5.242858e-01,7.342993e+00,6.819703e+00,3.620752e+00,2.239844e-01,3.825836e+00,4.628630e+00,3.169542e+00,1.437441e+00,8.304812e-01,2.310141e+00,1.637915e+00,4.023209e-01,1.663541e+00,2.665780e+00,8.410201e-01,9.311347e-01,1.465134e+00,1.360262e+00,7.162655e-01,8.218931e-01,1.058656e+00,4.886980e-01,1.300675e+00,2.170837e+00,3.229093e+00,2.513642e+00,8.019946e-01,3.549165e-01,4.753194e-01,8.425871e-01,3.675432e-01,2.237759e-01,2.802046e-01,3.084760e-01,2.812778e-01,2.549925e-01,3.204502e-01
1.286202e+05,1.805487e+00,4.322203e+00,3.576600e+00,1.217222e+00,6.338061e+00,5.400652e+00,2.713875e+00,1.106770e-01,2.931809e+00,3.713209e+00,2.941119e+00,2.349764e+00,1.248207e+00,5.211985e-01,1.798316e+00,2.420992e+00,2.479022e+00,2.411841e+00,5.064931e-01,2.622571e+00,1.931783e+00,5.315737e-02,1.660606e+00,1.355296e+00,7.772028e-01,2.510613e+00,3.553444e+00,3.477232e+00,4.459555e+00,3.246304e+00,9.365151e-01,3.376380e-01,7.424689e-01,1.141451e+00,4.690146e-01,3.065311e-01,3.540483e-01,4.115082e-01,3.649465e-01,3.288747e-01,4.132209e-01
1.300651e+05,2.551016e+00,2.512179e+00,7.587731e-01,1.547536e+00,3.685821e+00,2.440022e+00,5.011893e-01,9.578258e-01,1.718117e+00,1.273361e+00,4.426144e-01,5.447309e-01,1.476613e+00,1.768106e+00,6.838821e-01,6.666767e-01,1.759987e+00,2.648303e+00,1.030099e+00,2.078339e-01,1.032201e+00,1.630996e+00,1.584208e+00,9.732296e-02,1.550226e+00,1.696119e+00,1.619064e+00,1.069871e+00,1.183285e+00,8.046202e-01,2.027736e-01,3.923492e-02,2.903146e-01,4.035452e-01,1.568914e-01,1.131342e-01,1.232735e-01,1.561662e-01,1.330083e-01,1.238299e-01,1.591842e-01
1.315101e+05,2.471253e+00,1.688641e+00,1.397601e-01,1.499302e+00,2.752132e+00,1.692625e+00,2.917169e-01,7.940426e-01,1.412654e+00,1.231573e+00,7.894554e-01,5.239889e-01,2.680066e-01,9.352411e-02,1.999014e-01,2.473935e-01,2.229869e-01,2.106008e-01,7.217187e-02,2.114762e-01,1.754761e-01,2.352632e-01,3.245228e-01,7.833012e-02,2.774380e-01,4.050058e-01,4.624590e-01,3.953007e-01,5.051613e-01,3.685949e-01,1.136488e-01,5.723509e-02,1.036557e-01,1.465420e-01,6.285292e-02,4.135753e-02,4.773653e-02,5.403519e-02,4.632207e-02,3.870229e-02,4.737730e-02
1.329550e+05,2.441891e+00,1.275332e+00,6.076680e-01,1.592175e+00,2.442935e+00,1.333529e+00,5.295716e-02,1.012096e+00,1.373707e+00,9.844166e-01,4.604237e-01,1.945790e-01,6.425539e-01,1.018730e+00,8.295274e-01,5.751452e-01,4.062738e-01,3.826503e-01,7.943746e-02,3.497313e-01,4.204884e-01,4.436845e-01,3.649325e-01,8.340058e-02,4.225138e-01,4.243807e-01,3.884982e-01,2.860692e-01,3.520848e-01,2.553496e-01,8.710795e-02,7.031422e-02,4.791435e-02,6.089484e-02,3.073283e-02,1.678365e-02,2.229515e-02,1.865064e-02,1.656242e-02,1.034104e-02,1.065485e-02
1.344000e+05,2.386355e+00,5.869974e-01,1.471006e+00,1.816679e+00,2.054205e+00,8.030233e-01,5.717074e-01,1.560529e+00,1.750205e+00,1.178401e+00,6.450988e-01,5.493227e-01,8.883632e-01,1.176955e+00,8.356612e-01,4.650122e-01,1.843758e-01,4.336965e-02,2.468670e-01,5.198796e-01,4.441902e-01,3.674220e-01,2.624625e-01,9.221295e-02,3.440824e-01,3.362610e-01,3.126022e-01,2.306647e-01,2.859939e-01,2.117359e-01,7.294693e-02,6.159377e-02,5.376771e-02,6.591426e-02,3.190798e-02,1.867970e-02,2.367240e-02,2.150882e-02,1.797906e-02,1.218043e-02,1.247075e-02
1.358449e+05,2.053963e+00,1.308021e+00,1.301860e+00,1.400163e+00,2.325227e+00,2.104611e+00,2.532041e+00,3.335220e+00,2.665055e+00,1.328094e+00,1.230436e+00,3.332493e+00,6.442853e+00,8.385178e+00,5.874940e+00,3.120308e+00,1.007213e+00,4.277209e-01,1.921916e+00,3.724254e+00,2.908149e+00,1.684449e+00,6.097117e-01,8.241799e-01,1.326558e+00,8.769531e-01,6.273899e-01,3.308209e-01,3.397661e-01,2.316347e-01,7.869301e-02,8.273986e-02,7.020815e-02,7.042138e-02,3.085355e-02,1.950314e-02,2.338765e-02,2.092565e-02,1.248491e-02,1.142795e-02,1.111429e-02
1.372899e+05,1.898393e+00,2.882483e+00,3.246493e+00,1.133516e+00,1.968739e+00,3.769821e+00,7.020458e+00,1.069388e+01,1.013837e+01,6.525885e+00,3.761661e+00,3.177687e+00,3.613123e+00,3.802982e+00,2.121673e+00,5.994754e-01,1.357345e+00,3.152681e+00,3.685378e+00,5.517594e+00,3.928991e+00,2.039891e+00,5.171729e-01,1.198358e+00,1.671830e+00,9.943485e-01,6.458443e-01,3.088610e-01,2.973903e-01,1.990916e-01,6.598787e-02,6.854004e-02,5.287714e-02,5.304858e-02,2.719019e-02,1.490814e-02,2.043475e-02,1.468237e-02,1.213452e-02,6.467895e-03,6.174955e-03
1.387348e+05,2.288187e+00,1.703449e-01,2.098999e+00,2.407223e+00,3.235249e+00,2.409843e+00,2.327526e+00,2.902885e+00,2.482856e+00,1.484840e+00,8.131362e-01,7.302109e-01,9.391312e-01,1.122964e+00,7.848698e-01,4.572112e-01,2.851228e-01,3.161716e-01,2.964162e-01,4.636228e-01,3.216885e-01,1.656339e-01,8.310131e-02,1.159635e-01,1.544061e-01,1.103253e-01,9.064183e-02,9.555439e-02,1.445289e-01,1.122395e-01,4.269293e-02,4.652967e-02,3.602044e-02,4.313935e-02,2.577349e-02,1.338882e-02,1.989078e-02,1.589059e-02,1.522206e-02,8.438249e-03,1.037913e-02
1.401798e+05,1.633871e+00,2.074164e+00,5.494511e+00,4.581873e+00,4.792779e+00,2.804073e+00,1.776791e+00,1.713275e+00,1.257004e+00,6.473845e-01,2.623462e-01,1.456693e-01,2.814592e-01,3.979137e-01,3.048753e-01,1.964588e-01,1.294128e-01,1.576556e-01,2.085243e-01,3.258008e-01,2.182163e-01,9.340721e-02,6.276522e-02,8.666979e-02,9.309440e-02,6.922277e-02,7.121025e-02,8.720839e-02,1.335142e-01,1.029885e-01,4.110432e-02,4.959936e-02,3.431331e-02,3.840129e-02,2.615858e-02,1.216492e-02,2.058147e-02,1.424902e-02,1.546121e-02,7.309205e-03,1.164174e-02
1.416247e+05,1.244578e+00,5.730664e+00,9.865599e+00,7.165077e+00,6.653572e+00,3.608631e+00,2.149007e+00,2.000801e+00,1.432389e+00,7.504337e-01,3.657217e-01,2.967406e-01,3.731780e-01,4.390540e-01,3.110315e-01,1.836616e-01,1.030465e-01,9.521698e-02,1.392865e-01,2.267292e-01,1.502149e-01,6.272937e-02,5.604049e-02,6.537237e-02,6.691252e-02,6.098882e-02,7.392477e-02,8.432179e-02,1.261141e-01,9.602200e-02,4.208570e-02,5.640194e-02,3.453066e-02,3.526046e-02,2.933898e-02,1.130457e-02,2.379166e-02,1.347111e-02,1.770888e-02,6.700440e-03,1.482421e-02
1.430697e+05,2.468596e+00,3.661085e+00,4.925393e+00,3.235355e+00,2.797895e+00,1.435185e+00,7.987191e-01,7.054766e-01,5.042160e-01,2.792790e-01,1.513972e-01,1.505353e-01,2.524490e-01,3.060128e-01,2.522790e-01,1.544140e-01,6.593017e-02,5.193389e-02,1.091400e-01,1.749000e-01,1.209431e-01,5.190870e-02,5.490599e-02,7.302687e-02,5.451735e-02,7.951478e-02,7.905189e-02,1.016705e-01,1.395950e-01,8.227056e-02,5.916884e-02,9.643747e-02,5.707036e-02,4.266630e-02,6.270138e-02,1.505661e-02,5.350542e-02,2.968050e-02,5.869272e-02,1.298622e-02,6.691818e-02
